<KinBody name="map">
  <Body name="floor" type="static">
    <Geom type="box">
      <Extents>7.75 7.0 0.125</Extents>
      <Translation>7.75 7.0 -0.125</Translation>
      <diffuseColor>.1 .1 .1</diffuseColor>
    </Geom>
  </Body>
  <Body name="box_0_0" type="static">
    <Geom type="box">
      <Extents>0.25 0.25 0.5</Extents>
      <Translation>0.25 0.25 0.5</Translation>
      <diffuseColor>.5 .5 .5</diffuseColor>
    </Geom>
  </Body>
  <Body name="box_0_1" type="static">
    <Geom type="box">
      <Extents>0.25 0.25 0.5</Extents>
      <Translation>0.25 0.75 0.5</Translation>
      <diffuseColor>.5 .5 .5</diffuseColor>
    </Geom>
  </Body>
  <Body name="box_0_2" type="static">
    <Geom type="box">
      <Extents>0.25 0.25 0.5</Extents>
      <Translation>0.25 1.25 0.5</Translation>
      <diffuseColor>.5 .5 .5</diffuseColor>
    </Geom>
  </Body>
  <Body name="box_0_3" type="static">
    <Geom type="box">
      <Extents>0.25 0.25 0.5</Extents>
      <Translation>0.25 1.75 0.5</Translation>
      <diffuseColor>.5 .5 .5</diffuseColor>
    </Geom>
  </Body>
  <Body name="box_0_4" type="static">
    <Geom type="box">
      <Extents>0.25 0.25 0.5</Extents>
      <Translation>0.25 2.25 0.5</Translation>
      <diffuseColor>.5 .5 .5</diffuseColor>
    </Geom>
  </Body>
  <Body name="box_0_5" type="static">
    <Geom type="box">
      <Extents>0.25 0.25 0.5</Extents>
      <Translation>0.25 2.75 0.5</Translation>
      <diffuseColor>.5 .5 .5</diffuseColor>
    </Geom>
  </Body>
  <Body name="box_0_6" type="static">
    <Geom type="box">
      <Extents>0.25 0.25 0.5</Extents>
      <Translation>0.25 3.25 0.5</Translation>
      <diffuseColor>.5 .5 .5</diffuseColor>
    </Geom>
  </Body>
  <Body name="box_0_7" type="static">
    <Geom type="box">
      <Extents>0.25 0.25 0.5</Extents>
      <Translation>0.25 3.75 0.5</Translation>
      <diffuseColor>.5 .5 .5</diffuseColor>
    </Geom>
  </Body>
  <Body name="box_0_8" type="static">
    <Geom type="box">
      <Extents>0.25 0.25 0.5</Extents>
      <Translation>0.25 4.25 0.5</Translation>
      <diffuseColor>.5 .5 .5</diffuseColor>
    </Geom>
  </Body>
  <Body name="box_0_9" type="static">
    <Geom type="box">
      <Extents>0.25 0.25 0.5</Extents>
      <Translation>0.25 4.75 0.5</Translation>
      <diffuseColor>.5 .5 .5</diffuseColor>
    </Geom>
  </Body>
  <Body name="box_0_10" type="static">
    <Geom type="box">
      <Extents>0.25 0.25 0.5</Extents>
      <Translation>0.25 5.25 0.5</Translation>
      <diffuseColor>.5 .5 .5</diffuseColor>
    </Geom>
  </Body>
  <Body name="box_0_11" type="static">
    <Geom type="box">
      <Extents>0.25 0.25 0.5</Extents>
      <Translation>0.25 5.75 0.5</Translation>
      <diffuseColor>.5 .5 .5</diffuseColor>
    </Geom>
  </Body>
  <Body name="box_0_12" type="static">
    <Geom type="box">
      <Extents>0.25 0.25 0.5</Extents>
      <Translation>0.25 6.25 0.5</Translation>
      <diffuseColor>.5 .5 .5</diffuseColor>
    </Geom>
  </Body>
  <Body name="box_0_13" type="static">
    <Geom type="box">
      <Extents>0.25 0.25 0.5</Extents>
      <Translation>0.25 6.75 0.5</Translation>
      <diffuseColor>.5 .5 .5</diffuseColor>
    </Geom>
  </Body>
  <Body name="box_0_14" type="static">
    <Geom type="box">
      <Extents>0.25 0.25 0.5</Extents>
      <Translation>0.25 7.25 0.5</Translation>
      <diffuseColor>.5 .5 .5</diffuseColor>
    </Geom>
  </Body>
  <Body name="box_0_15" type="static">
    <Geom type="box">
      <Extents>0.25 0.25 0.5</Extents>
      <Translation>0.25 7.75 0.5</Translation>
      <diffuseColor>.5 .5 .5</diffuseColor>
    </Geom>
  </Body>
  <Body name="box_0_16" type="static">
    <Geom type="box">
      <Extents>0.25 0.25 0.5</Extents>
      <Translation>0.25 8.25 0.5</Translation>
      <diffuseColor>.5 .5 .5</diffuseColor>
    </Geom>
  </Body>
  <Body name="box_0_17" type="static">
    <Geom type="box">
      <Extents>0.25 0.25 0.5</Extents>
      <Translation>0.25 8.75 0.5</Translation>
      <diffuseColor>.5 .5 .5</diffuseColor>
    </Geom>
  </Body>
  <Body name="box_0_18" type="static">
    <Geom type="box">
      <Extents>0.25 0.25 0.5</Extents>
      <Translation>0.25 9.25 0.5</Translation>
      <diffuseColor>.5 .5 .5</diffuseColor>
    </Geom>
  </Body>
  <Body name="box_0_19" type="static">
    <Geom type="box">
      <Extents>0.25 0.25 0.5</Extents>
      <Translation>0.25 9.75 0.5</Translation>
      <diffuseColor>.5 .5 .5</diffuseColor>
    </Geom>
  </Body>
  <Body name="box_0_20" type="static">
    <Geom type="box">
      <Extents>0.25 0.25 0.5</Extents>
      <Translation>0.25 10.25 0.5</Translation>
      <diffuseColor>.5 .5 .5</diffuseColor>
    </Geom>
  </Body>
  <Body name="box_0_21" type="static">
    <Geom type="box">
      <Extents>0.25 0.25 0.5</Extents>
      <Translation>0.25 10.75 0.5</Translation>
      <diffuseColor>.5 .5 .5</diffuseColor>
    </Geom>
  </Body>
  <Body name="box_0_22" type="static">
    <Geom type="box">
      <Extents>0.25 0.25 0.5</Extents>
      <Translation>0.25 11.25 0.5</Translation>
      <diffuseColor>.5 .5 .5</diffuseColor>
    </Geom>
  </Body>
  <Body name="box_0_23" type="static">
    <Geom type="box">
      <Extents>0.25 0.25 0.5</Extents>
      <Translation>0.25 11.75 0.5</Translation>
      <diffuseColor>.5 .5 .5</diffuseColor>
    </Geom>
  </Body>
  <Body name="box_0_24" type="static">
    <Geom type="box">
      <Extents>0.25 0.25 0.5</Extents>
      <Translation>0.25 12.25 0.5</Translation>
      <diffuseColor>.5 .5 .5</diffuseColor>
    </Geom>
  </Body>
  <Body name="box_0_25" type="static">
    <Geom type="box">
      <Extents>0.25 0.25 0.5</Extents>
      <Translation>0.25 12.75 0.5</Translation>
      <diffuseColor>.5 .5 .5</diffuseColor>
    </Geom>
  </Body>
  <Body name="box_0_26" type="static">
    <Geom type="box">
      <Extents>0.25 0.25 0.5</Extents>
      <Translation>0.25 13.25 0.5</Translation>
      <diffuseColor>.5 .5 .5</diffuseColor>
    </Geom>
  </Body>
  <Body name="box_0_27" type="static">
    <Geom type="box">
      <Extents>0.25 0.25 0.5</Extents>
      <Translation>0.25 13.75 0.5</Translation>
      <diffuseColor>.5 .5 .5</diffuseColor>
    </Geom>
  </Body>
  <Body name="box_1_0" type="static">
    <Geom type="box">
      <Extents>0.25 0.25 0.5</Extents>
      <Translation>0.75 0.25 0.5</Translation>
      <diffuseColor>.5 .5 .5</diffuseColor>
    </Geom>
  </Body>
  <Body name="box_1_1" type="static">
    <Geom type="box">
      <Extents>0.25 0.25 0.5</Extents>
      <Translation>0.75 0.75 0.5</Translation>
      <diffuseColor>.5 .5 .5</diffuseColor>
    </Geom>
  </Body>
  <Body name="box_1_2" type="static">
    <Geom type="box">
      <Extents>0.25 0.25 0.5</Extents>
      <Translation>0.75 1.25 0.5</Translation>
      <diffuseColor>.5 .5 .5</diffuseColor>
    </Geom>
  </Body>
  <Body name="box_1_3" type="static">
    <Geom type="box">
      <Extents>0.25 0.25 0.5</Extents>
      <Translation>0.75 1.75 0.5</Translation>
      <diffuseColor>.5 .5 .5</diffuseColor>
    </Geom>
  </Body>
  <Body name="box_1_12" type="static">
    <Geom type="box">
      <Extents>0.25 0.25 0.5</Extents>
      <Translation>0.75 6.25 0.5</Translation>
      <diffuseColor>.5 .5 .5</diffuseColor>
    </Geom>
  </Body>
  <Body name="box_1_27" type="static">
    <Geom type="box">
      <Extents>0.25 0.25 0.5</Extents>
      <Translation>0.75 13.75 0.5</Translation>
      <diffuseColor>.5 .5 .5</diffuseColor>
    </Geom>
  </Body>
  <Body name="box_2_0" type="static">
    <Geom type="box">
      <Extents>0.25 0.25 0.5</Extents>
      <Translation>1.25 0.25 0.5</Translation>
      <diffuseColor>.5 .5 .5</diffuseColor>
    </Geom>
  </Body>
  <Body name="box_2_1" type="static">
    <Geom type="box">
      <Extents>0.25 0.25 0.5</Extents>
      <Translation>1.25 0.75 0.5</Translation>
      <diffuseColor>.5 .5 .5</diffuseColor>
    </Geom>
  </Body>
  <Body name="box_2_2" type="static">
    <Geom type="box">
      <Extents>0.25 0.25 0.5</Extents>
      <Translation>1.25 1.25 0.5</Translation>
      <diffuseColor>.5 .5 .5</diffuseColor>
    </Geom>
  </Body>
  <Body name="box_2_12" type="static">
    <Geom type="box">
      <Extents>0.25 0.25 0.5</Extents>
      <Translation>1.25 6.25 0.5</Translation>
      <diffuseColor>.5 .5 .5</diffuseColor>
    </Geom>
  </Body>
  <Body name="box_2_27" type="static">
    <Geom type="box">
      <Extents>0.25 0.25 0.5</Extents>
      <Translation>1.25 13.75 0.5</Translation>
      <diffuseColor>.5 .5 .5</diffuseColor>
    </Geom>
  </Body>
  <Body name="box_3_0" type="static">
    <Geom type="box">
      <Extents>0.25 0.25 0.5</Extents>
      <Translation>1.75 0.25 0.5</Translation>
      <diffuseColor>.5 .5 .5</diffuseColor>
    </Geom>
  </Body>
  <Body name="box_3_1" type="static">
    <Geom type="box">
      <Extents>0.25 0.25 0.5</Extents>
      <Translation>1.75 0.75 0.5</Translation>
      <diffuseColor>.5 .5 .5</diffuseColor>
    </Geom>
  </Body>
  <Body name="box_3_12" type="static">
    <Geom type="box">
      <Extents>0.25 0.25 0.5</Extents>
      <Translation>1.75 6.25 0.5</Translation>
      <diffuseColor>.5 .5 .5</diffuseColor>
    </Geom>
  </Body>
  <Body name="box_3_27" type="static">
    <Geom type="box">
      <Extents>0.25 0.25 0.5</Extents>
      <Translation>1.75 13.75 0.5</Translation>
      <diffuseColor>.5 .5 .5</diffuseColor>
    </Geom>
  </Body>
  <Body name="box_4_0" type="static">
    <Geom type="box">
      <Extents>0.25 0.25 0.5</Extents>
      <Translation>2.25 0.25 0.5</Translation>
      <diffuseColor>.5 .5 .5</diffuseColor>
    </Geom>
  </Body>
  <Body name="box_4_12" type="static">
    <Geom type="box">
      <Extents>0.25 0.25 0.5</Extents>
      <Translation>2.25 6.25 0.5</Translation>
      <diffuseColor>.5 .5 .5</diffuseColor>
    </Geom>
  </Body>
  <Body name="box_4_27" type="static">
    <Geom type="box">
      <Extents>0.25 0.25 0.5</Extents>
      <Translation>2.25 13.75 0.5</Translation>
      <diffuseColor>.5 .5 .5</diffuseColor>
    </Geom>
  </Body>
  <Body name="box_5_0" type="static">
    <Geom type="box">
      <Extents>0.25 0.25 0.5</Extents>
      <Translation>2.75 0.25 0.5</Translation>
      <diffuseColor>.5 .5 .5</diffuseColor>
    </Geom>
  </Body>
  <Body name="box_5_12" type="static">
    <Geom type="box">
      <Extents>0.25 0.25 0.5</Extents>
      <Translation>2.75 6.25 0.5</Translation>
      <diffuseColor>.5 .5 .5</diffuseColor>
    </Geom>
  </Body>
  <Body name="box_5_27" type="static">
    <Geom type="box">
      <Extents>0.25 0.25 0.5</Extents>
      <Translation>2.75 13.75 0.5</Translation>
      <diffuseColor>.5 .5 .5</diffuseColor>
    </Geom>
  </Body>
  <Body name="box_6_0" type="static">
    <Geom type="box">
      <Extents>0.25 0.25 0.5</Extents>
      <Translation>3.25 0.25 0.5</Translation>
      <diffuseColor>.5 .5 .5</diffuseColor>
    </Geom>
  </Body>
  <Body name="box_6_12" type="static">
    <Geom type="box">
      <Extents>0.25 0.25 0.5</Extents>
      <Translation>3.25 6.25 0.5</Translation>
      <diffuseColor>.5 .5 .5</diffuseColor>
    </Geom>
  </Body>
  <Body name="box_6_18" type="static">
    <Geom type="box">
      <Extents>0.25 0.25 0.5</Extents>
      <Translation>3.25 9.25 0.5</Translation>
      <diffuseColor>.5 .5 .5</diffuseColor>
    </Geom>
  </Body>
  <Body name="box_6_19" type="static">
    <Geom type="box">
      <Extents>0.25 0.25 0.5</Extents>
      <Translation>3.25 9.75 0.5</Translation>
      <diffuseColor>.5 .5 .5</diffuseColor>
    </Geom>
  </Body>
  <Body name="box_6_20" type="static">
    <Geom type="box">
      <Extents>0.25 0.25 0.5</Extents>
      <Translation>3.25 10.25 0.5</Translation>
      <diffuseColor>.5 .5 .5</diffuseColor>
    </Geom>
  </Body>
  <Body name="box_6_21" type="static">
    <Geom type="box">
      <Extents>0.25 0.25 0.5</Extents>
      <Translation>3.25 10.75 0.5</Translation>
      <diffuseColor>.5 .5 .5</diffuseColor>
    </Geom>
  </Body>
  <Body name="box_6_27" type="static">
    <Geom type="box">
      <Extents>0.25 0.25 0.5</Extents>
      <Translation>3.25 13.75 0.5</Translation>
      <diffuseColor>.5 .5 .5</diffuseColor>
    </Geom>
  </Body>
  <Body name="box_7_0" type="static">
    <Geom type="box">
      <Extents>0.25 0.25 0.5</Extents>
      <Translation>3.75 0.25 0.5</Translation>
      <diffuseColor>.5 .5 .5</diffuseColor>
    </Geom>
  </Body>
  <Body name="box_7_12" type="static">
    <Geom type="box">
      <Extents>0.25 0.25 0.5</Extents>
      <Translation>3.75 6.25 0.5</Translation>
      <diffuseColor>.5 .5 .5</diffuseColor>
    </Geom>
  </Body>
  <Body name="box_7_27" type="static">
    <Geom type="box">
      <Extents>0.25 0.25 0.5</Extents>
      <Translation>3.75 13.75 0.5</Translation>
      <diffuseColor>.5 .5 .5</diffuseColor>
    </Geom>
  </Body>
  <Body name="box_8_0" type="static">
    <Geom type="box">
      <Extents>0.25 0.25 0.5</Extents>
      <Translation>4.25 0.25 0.5</Translation>
      <diffuseColor>.5 .5 .5</diffuseColor>
    </Geom>
  </Body>
  <Body name="box_8_6" type="static">
    <Geom type="box">
      <Extents>0.25 0.25 0.5</Extents>
      <Translation>4.25 3.25 0.5</Translation>
      <diffuseColor>.5 .5 .5</diffuseColor>
    </Geom>
  </Body>
  <Body name="box_8_12" type="static">
    <Geom type="box">
      <Extents>0.25 0.25 0.5</Extents>
      <Translation>4.25 6.25 0.5</Translation>
      <diffuseColor>.5 .5 .5</diffuseColor>
    </Geom>
  </Body>
  <Body name="box_8_27" type="static">
    <Geom type="box">
      <Extents>0.25 0.25 0.5</Extents>
      <Translation>4.25 13.75 0.5</Translation>
      <diffuseColor>.5 .5 .5</diffuseColor>
    </Geom>
  </Body>
  <Body name="box_9_0" type="static">
    <Geom type="box">
      <Extents>0.25 0.25 0.5</Extents>
      <Translation>4.75 0.25 0.5</Translation>
      <diffuseColor>.5 .5 .5</diffuseColor>
    </Geom>
  </Body>
  <Body name="box_9_6" type="static">
    <Geom type="box">
      <Extents>0.25 0.25 0.5</Extents>
      <Translation>4.75 3.25 0.5</Translation>
      <diffuseColor>.5 .5 .5</diffuseColor>
    </Geom>
  </Body>
  <Body name="box_9_12" type="static">
    <Geom type="box">
      <Extents>0.25 0.25 0.5</Extents>
      <Translation>4.75 6.25 0.5</Translation>
      <diffuseColor>.5 .5 .5</diffuseColor>
    </Geom>
  </Body>
  <Body name="box_9_27" type="static">
    <Geom type="box">
      <Extents>0.25 0.25 0.5</Extents>
      <Translation>4.75 13.75 0.5</Translation>
      <diffuseColor>.5 .5 .5</diffuseColor>
    </Geom>
  </Body>
  <Body name="box_10_0" type="static">
    <Geom type="box">
      <Extents>0.25 0.25 0.5</Extents>
      <Translation>5.25 0.25 0.5</Translation>
      <diffuseColor>.5 .5 .5</diffuseColor>
    </Geom>
  </Body>
  <Body name="box_10_6" type="static">
    <Geom type="box">
      <Extents>0.25 0.25 0.5</Extents>
      <Translation>5.25 3.25 0.5</Translation>
      <diffuseColor>.5 .5 .5</diffuseColor>
    </Geom>
  </Body>
  <Body name="box_10_12" type="static">
    <Geom type="box">
      <Extents>0.25 0.25 0.5</Extents>
      <Translation>5.25 6.25 0.5</Translation>
      <diffuseColor>.5 .5 .5</diffuseColor>
    </Geom>
  </Body>
  <Body name="box_10_27" type="static">
    <Geom type="box">
      <Extents>0.25 0.25 0.5</Extents>
      <Translation>5.25 13.75 0.5</Translation>
      <diffuseColor>.5 .5 .5</diffuseColor>
    </Geom>
  </Body>
  <Body name="box_11_0" type="static">
    <Geom type="box">
      <Extents>0.25 0.25 0.5</Extents>
      <Translation>5.75 0.25 0.5</Translation>
      <diffuseColor>.5 .5 .5</diffuseColor>
    </Geom>
  </Body>
  <Body name="box_11_6" type="static">
    <Geom type="box">
      <Extents>0.25 0.25 0.5</Extents>
      <Translation>5.75 3.25 0.5</Translation>
      <diffuseColor>.5 .5 .5</diffuseColor>
    </Geom>
  </Body>
  <Body name="box_11_12" type="static">
    <Geom type="box">
      <Extents>0.25 0.25 0.5</Extents>
      <Translation>5.75 6.25 0.5</Translation>
      <diffuseColor>.5 .5 .5</diffuseColor>
    </Geom>
  </Body>
  <Body name="box_11_27" type="static">
    <Geom type="box">
      <Extents>0.25 0.25 0.5</Extents>
      <Translation>5.75 13.75 0.5</Translation>
      <diffuseColor>.5 .5 .5</diffuseColor>
    </Geom>
  </Body>
  <Body name="box_12_0" type="static">
    <Geom type="box">
      <Extents>0.25 0.25 0.5</Extents>
      <Translation>6.25 0.25 0.5</Translation>
      <diffuseColor>.5 .5 .5</diffuseColor>
    </Geom>
  </Body>
  <Body name="box_12_6" type="static">
    <Geom type="box">
      <Extents>0.25 0.25 0.5</Extents>
      <Translation>6.25 3.25 0.5</Translation>
      <diffuseColor>.5 .5 .5</diffuseColor>
    </Geom>
  </Body>
  <Body name="box_12_12" type="static">
    <Geom type="box">
      <Extents>0.25 0.25 0.5</Extents>
      <Translation>6.25 6.25 0.5</Translation>
      <diffuseColor>.5 .5 .5</diffuseColor>
    </Geom>
  </Body>
  <Body name="box_12_13" type="static">
    <Geom type="box">
      <Extents>0.25 0.25 0.5</Extents>
      <Translation>6.25 6.75 0.5</Translation>
      <diffuseColor>.5 .5 .5</diffuseColor>
    </Geom>
  </Body>
  <Body name="box_12_14" type="static">
    <Geom type="box">
      <Extents>0.25 0.25 0.5</Extents>
      <Translation>6.25 7.25 0.5</Translation>
      <diffuseColor>.5 .5 .5</diffuseColor>
    </Geom>
  </Body>
  <Body name="box_12_27" type="static">
    <Geom type="box">
      <Extents>0.25 0.25 0.5</Extents>
      <Translation>6.25 13.75 0.5</Translation>
      <diffuseColor>.5 .5 .5</diffuseColor>
    </Geom>
  </Body>
  <Body name="box_13_0" type="static">
    <Geom type="box">
      <Extents>0.25 0.25 0.5</Extents>
      <Translation>6.75 0.25 0.5</Translation>
      <diffuseColor>.5 .5 .5</diffuseColor>
    </Geom>
  </Body>
  <Body name="box_13_6" type="static">
    <Geom type="box">
      <Extents>0.25 0.25 0.5</Extents>
      <Translation>6.75 3.25 0.5</Translation>
      <diffuseColor>.5 .5 .5</diffuseColor>
    </Geom>
  </Body>
  <Body name="box_13_14" type="static">
    <Geom type="box">
      <Extents>0.25 0.25 0.5</Extents>
      <Translation>6.75 7.25 0.5</Translation>
      <diffuseColor>.5 .5 .5</diffuseColor>
    </Geom>
  </Body>
  <Body name="box_13_15" type="static">
    <Geom type="box">
      <Extents>0.25 0.25 0.5</Extents>
      <Translation>6.75 7.75 0.5</Translation>
      <diffuseColor>.5 .5 .5</diffuseColor>
    </Geom>
  </Body>
  <Body name="box_13_27" type="static">
    <Geom type="box">
      <Extents>0.25 0.25 0.5</Extents>
      <Translation>6.75 13.75 0.5</Translation>
      <diffuseColor>.5 .5 .5</diffuseColor>
    </Geom>
  </Body>
  <Body name="box_14_0" type="static">
    <Geom type="box">
      <Extents>0.25 0.25 0.5</Extents>
      <Translation>7.25 0.25 0.5</Translation>
      <diffuseColor>.5 .5 .5</diffuseColor>
    </Geom>
  </Body>
  <Body name="box_14_14" type="static">
    <Geom type="box">
      <Extents>0.25 0.25 0.5</Extents>
      <Translation>7.25 7.25 0.5</Translation>
      <diffuseColor>.5 .5 .5</diffuseColor>
    </Geom>
  </Body>
  <Body name="box_14_15" type="static">
    <Geom type="box">
      <Extents>0.25 0.25 0.5</Extents>
      <Translation>7.25 7.75 0.5</Translation>
      <diffuseColor>.5 .5 .5</diffuseColor>
    </Geom>
  </Body>
  <Body name="box_14_27" type="static">
    <Geom type="box">
      <Extents>0.25 0.25 0.5</Extents>
      <Translation>7.25 13.75 0.5</Translation>
      <diffuseColor>.5 .5 .5</diffuseColor>
    </Geom>
  </Body>
  <Body name="box_15_0" type="static">
    <Geom type="box">
      <Extents>0.25 0.25 0.5</Extents>
      <Translation>7.75 0.25 0.5</Translation>
      <diffuseColor>.5 .5 .5</diffuseColor>
    </Geom>
  </Body>
  <Body name="box_15_14" type="static">
    <Geom type="box">
      <Extents>0.25 0.25 0.5</Extents>
      <Translation>7.75 7.25 0.5</Translation>
      <diffuseColor>.5 .5 .5</diffuseColor>
    </Geom>
  </Body>
  <Body name="box_15_15" type="static">
    <Geom type="box">
      <Extents>0.25 0.25 0.5</Extents>
      <Translation>7.75 7.75 0.5</Translation>
      <diffuseColor>.5 .5 .5</diffuseColor>
    </Geom>
  </Body>
  <Body name="box_15_27" type="static">
    <Geom type="box">
      <Extents>0.25 0.25 0.5</Extents>
      <Translation>7.75 13.75 0.5</Translation>
      <diffuseColor>.5 .5 .5</diffuseColor>
    </Geom>
  </Body>
  <Body name="box_16_0" type="static">
    <Geom type="box">
      <Extents>0.25 0.25 0.5</Extents>
      <Translation>8.25 0.25 0.5</Translation>
      <diffuseColor>.5 .5 .5</diffuseColor>
    </Geom>
  </Body>
  <Body name="box_16_14" type="static">
    <Geom type="box">
      <Extents>0.25 0.25 0.5</Extents>
      <Translation>8.25 7.25 0.5</Translation>
      <diffuseColor>.5 .5 .5</diffuseColor>
    </Geom>
  </Body>
  <Body name="box_16_27" type="static">
    <Geom type="box">
      <Extents>0.25 0.25 0.5</Extents>
      <Translation>8.25 13.75 0.5</Translation>
      <diffuseColor>.5 .5 .5</diffuseColor>
    </Geom>
  </Body>
  <Body name="box_17_0" type="static">
    <Geom type="box">
      <Extents>0.25 0.25 0.5</Extents>
      <Translation>8.75 0.25 0.5</Translation>
      <diffuseColor>.5 .5 .5</diffuseColor>
    </Geom>
  </Body>
  <Body name="box_17_14" type="static">
    <Geom type="box">
      <Extents>0.25 0.25 0.5</Extents>
      <Translation>8.75 7.25 0.5</Translation>
      <diffuseColor>.5 .5 .5</diffuseColor>
    </Geom>
  </Body>
  <Body name="box_17_27" type="static">
    <Geom type="box">
      <Extents>0.25 0.25 0.5</Extents>
      <Translation>8.75 13.75 0.5</Translation>
      <diffuseColor>.5 .5 .5</diffuseColor>
    </Geom>
  </Body>
  <Body name="box_18_0" type="static">
    <Geom type="box">
      <Extents>0.25 0.25 0.5</Extents>
      <Translation>9.25 0.25 0.5</Translation>
      <diffuseColor>.5 .5 .5</diffuseColor>
    </Geom>
  </Body>
  <Body name="box_18_12" type="static">
    <Geom type="box">
      <Extents>0.25 0.25 0.5</Extents>
      <Translation>9.25 6.25 0.5</Translation>
      <diffuseColor>.5 .5 .5</diffuseColor>
    </Geom>
  </Body>
  <Body name="box_18_13" type="static">
    <Geom type="box">
      <Extents>0.25 0.25 0.5</Extents>
      <Translation>9.25 6.75 0.5</Translation>
      <diffuseColor>.5 .5 .5</diffuseColor>
    </Geom>
  </Body>
  <Body name="box_18_14" type="static">
    <Geom type="box">
      <Extents>0.25 0.25 0.5</Extents>
      <Translation>9.25 7.25 0.5</Translation>
      <diffuseColor>.5 .5 .5</diffuseColor>
    </Geom>
  </Body>
  <Body name="box_18_27" type="static">
    <Geom type="box">
      <Extents>0.25 0.25 0.5</Extents>
      <Translation>9.25 13.75 0.5</Translation>
      <diffuseColor>.5 .5 .5</diffuseColor>
    </Geom>
  </Body>
  <Body name="box_19_0" type="static">
    <Geom type="box">
      <Extents>0.25 0.25 0.5</Extents>
      <Translation>9.75 0.25 0.5</Translation>
      <diffuseColor>.5 .5 .5</diffuseColor>
    </Geom>
  </Body>
  <Body name="box_19_11" type="static">
    <Geom type="box">
      <Extents>0.25 0.25 0.5</Extents>
      <Translation>9.75 5.75 0.5</Translation>
      <diffuseColor>.5 .5 .5</diffuseColor>
    </Geom>
  </Body>
  <Body name="box_19_12" type="static">
    <Geom type="box">
      <Extents>0.25 0.25 0.5</Extents>
      <Translation>9.75 6.25 0.5</Translation>
      <diffuseColor>.5 .5 .5</diffuseColor>
    </Geom>
  </Body>
  <Body name="box_19_27" type="static">
    <Geom type="box">
      <Extents>0.25 0.25 0.5</Extents>
      <Translation>9.75 13.75 0.5</Translation>
      <diffuseColor>.5 .5 .5</diffuseColor>
    </Geom>
  </Body>
  <Body name="box_20_0" type="static">
    <Geom type="box">
      <Extents>0.25 0.25 0.5</Extents>
      <Translation>10.25 0.25 0.5</Translation>
      <diffuseColor>.5 .5 .5</diffuseColor>
    </Geom>
  </Body>
  <Body name="box_20_11" type="static">
    <Geom type="box">
      <Extents>0.25 0.25 0.5</Extents>
      <Translation>10.25 5.75 0.5</Translation>
      <diffuseColor>.5 .5 .5</diffuseColor>
    </Geom>
  </Body>
  <Body name="box_20_27" type="static">
    <Geom type="box">
      <Extents>0.25 0.25 0.5</Extents>
      <Translation>10.25 13.75 0.5</Translation>
      <diffuseColor>.5 .5 .5</diffuseColor>
    </Geom>
  </Body>
  <Body name="box_21_0" type="static">
    <Geom type="box">
      <Extents>0.25 0.25 0.5</Extents>
      <Translation>10.75 0.25 0.5</Translation>
      <diffuseColor>.5 .5 .5</diffuseColor>
    </Geom>
  </Body>
  <Body name="box_21_11" type="static">
    <Geom type="box">
      <Extents>0.25 0.25 0.5</Extents>
      <Translation>10.75 5.75 0.5</Translation>
      <diffuseColor>.5 .5 .5</diffuseColor>
    </Geom>
  </Body>
  <Body name="box_21_27" type="static">
    <Geom type="box">
      <Extents>0.25 0.25 0.5</Extents>
      <Translation>10.75 13.75 0.5</Translation>
      <diffuseColor>.5 .5 .5</diffuseColor>
    </Geom>
  </Body>
  <Body name="box_22_0" type="static">
    <Geom type="box">
      <Extents>0.25 0.25 0.5</Extents>
      <Translation>11.25 0.25 0.5</Translation>
      <diffuseColor>.5 .5 .5</diffuseColor>
    </Geom>
  </Body>
  <Body name="box_22_11" type="static">
    <Geom type="box">
      <Extents>0.25 0.25 0.5</Extents>
      <Translation>11.25 5.75 0.5</Translation>
      <diffuseColor>.5 .5 .5</diffuseColor>
    </Geom>
  </Body>
  <Body name="box_22_12" type="static">
    <Geom type="box">
      <Extents>0.25 0.25 0.5</Extents>
      <Translation>11.25 6.25 0.5</Translation>
      <diffuseColor>.5 .5 .5</diffuseColor>
    </Geom>
  </Body>
  <Body name="box_22_13" type="static">
    <Geom type="box">
      <Extents>0.25 0.25 0.5</Extents>
      <Translation>11.25 6.75 0.5</Translation>
      <diffuseColor>.5 .5 .5</diffuseColor>
    </Geom>
  </Body>
  <Body name="box_22_14" type="static">
    <Geom type="box">
      <Extents>0.25 0.25 0.5</Extents>
      <Translation>11.25 7.25 0.5</Translation>
      <diffuseColor>.5 .5 .5</diffuseColor>
    </Geom>
  </Body>
  <Body name="box_22_15" type="static">
    <Geom type="box">
      <Extents>0.25 0.25 0.5</Extents>
      <Translation>11.25 7.75 0.5</Translation>
      <diffuseColor>.5 .5 .5</diffuseColor>
    </Geom>
  </Body>
  <Body name="box_22_16" type="static">
    <Geom type="box">
      <Extents>0.25 0.25 0.5</Extents>
      <Translation>11.25 8.25 0.5</Translation>
      <diffuseColor>.5 .5 .5</diffuseColor>
    </Geom>
  </Body>
  <Body name="box_22_17" type="static">
    <Geom type="box">
      <Extents>0.25 0.25 0.5</Extents>
      <Translation>11.25 8.75 0.5</Translation>
      <diffuseColor>.5 .5 .5</diffuseColor>
    </Geom>
  </Body>
  <Body name="box_22_27" type="static">
    <Geom type="box">
      <Extents>0.25 0.25 0.5</Extents>
      <Translation>11.25 13.75 0.5</Translation>
      <diffuseColor>.5 .5 .5</diffuseColor>
    </Geom>
  </Body>
  <Body name="box_23_0" type="static">
    <Geom type="box">
      <Extents>0.25 0.25 0.5</Extents>
      <Translation>11.75 0.25 0.5</Translation>
      <diffuseColor>.5 .5 .5</diffuseColor>
    </Geom>
  </Body>
  <Body name="box_23_27" type="static">
    <Geom type="box">
      <Extents>0.25 0.25 0.5</Extents>
      <Translation>11.75 13.75 0.5</Translation>
      <diffuseColor>.5 .5 .5</diffuseColor>
    </Geom>
  </Body>
  <Body name="box_24_0" type="static">
    <Geom type="box">
      <Extents>0.25 0.25 0.5</Extents>
      <Translation>12.25 0.25 0.5</Translation>
      <diffuseColor>.5 .5 .5</diffuseColor>
    </Geom>
  </Body>
  <Body name="box_24_27" type="static">
    <Geom type="box">
      <Extents>0.25 0.25 0.5</Extents>
      <Translation>12.25 13.75 0.5</Translation>
      <diffuseColor>.5 .5 .5</diffuseColor>
    </Geom>
  </Body>
  <Body name="box_25_0" type="static">
    <Geom type="box">
      <Extents>0.25 0.25 0.5</Extents>
      <Translation>12.75 0.25 0.5</Translation>
      <diffuseColor>.5 .5 .5</diffuseColor>
    </Geom>
  </Body>
  <Body name="box_25_27" type="static">
    <Geom type="box">
      <Extents>0.25 0.25 0.5</Extents>
      <Translation>12.75 13.75 0.5</Translation>
      <diffuseColor>.5 .5 .5</diffuseColor>
    </Geom>
  </Body>
  <Body name="box_26_0" type="static">
    <Geom type="box">
      <Extents>0.25 0.25 0.5</Extents>
      <Translation>13.25 0.25 0.5</Translation>
      <diffuseColor>.5 .5 .5</diffuseColor>
    </Geom>
  </Body>
  <Body name="box_26_27" type="static">
    <Geom type="box">
      <Extents>0.25 0.25 0.5</Extents>
      <Translation>13.25 13.75 0.5</Translation>
      <diffuseColor>.5 .5 .5</diffuseColor>
    </Geom>
  </Body>
  <Body name="box_27_0" type="static">
    <Geom type="box">
      <Extents>0.25 0.25 0.5</Extents>
      <Translation>13.75 0.25 0.5</Translation>
      <diffuseColor>.5 .5 .5</diffuseColor>
    </Geom>
  </Body>
  <Body name="box_27_27" type="static">
    <Geom type="box">
      <Extents>0.25 0.25 0.5</Extents>
      <Translation>13.75 13.75 0.5</Translation>
      <diffuseColor>.5 .5 .5</diffuseColor>
    </Geom>
  </Body>
  <Body name="box_28_0" type="static">
    <Geom type="box">
      <Extents>0.25 0.25 0.5</Extents>
      <Translation>14.25 0.25 0.5</Translation>
      <diffuseColor>.5 .5 .5</diffuseColor>
    </Geom>
  </Body>
  <Body name="box_28_27" type="static">
    <Geom type="box">
      <Extents>0.25 0.25 0.5</Extents>
      <Translation>14.25 13.75 0.5</Translation>
      <diffuseColor>.5 .5 .5</diffuseColor>
    </Geom>
  </Body>
  <Body name="box_29_0" type="static">
    <Geom type="box">
      <Extents>0.25 0.25 0.5</Extents>
      <Translation>14.75 0.25 0.5</Translation>
      <diffuseColor>.5 .5 .5</diffuseColor>
    </Geom>
  </Body>
  <Body name="box_29_27" type="static">
    <Geom type="box">
      <Extents>0.25 0.25 0.5</Extents>
      <Translation>14.75 13.75 0.5</Translation>
      <diffuseColor>.5 .5 .5</diffuseColor>
    </Geom>
  </Body>
  <Body name="box_30_0" type="static">
    <Geom type="box">
      <Extents>0.25 0.25 0.5</Extents>
      <Translation>15.25 0.25 0.5</Translation>
      <diffuseColor>.5 .5 .5</diffuseColor>
    </Geom>
  </Body>
  <Body name="box_30_1" type="static">
    <Geom type="box">
      <Extents>0.25 0.25 0.5</Extents>
      <Translation>15.25 0.75 0.5</Translation>
      <diffuseColor>.5 .5 .5</diffuseColor>
    </Geom>
  </Body>
  <Body name="box_30_2" type="static">
    <Geom type="box">
      <Extents>0.25 0.25 0.5</Extents>
      <Translation>15.25 1.25 0.5</Translation>
      <diffuseColor>.5 .5 .5</diffuseColor>
    </Geom>
  </Body>
  <Body name="box_30_3" type="static">
    <Geom type="box">
      <Extents>0.25 0.25 0.5</Extents>
      <Translation>15.25 1.75 0.5</Translation>
      <diffuseColor>.5 .5 .5</diffuseColor>
    </Geom>
  </Body>
  <Body name="box_30_4" type="static">
    <Geom type="box">
      <Extents>0.25 0.25 0.5</Extents>
      <Translation>15.25 2.25 0.5</Translation>
      <diffuseColor>.5 .5 .5</diffuseColor>
    </Geom>
  </Body>
  <Body name="box_30_5" type="static">
    <Geom type="box">
      <Extents>0.25 0.25 0.5</Extents>
      <Translation>15.25 2.75 0.5</Translation>
      <diffuseColor>.5 .5 .5</diffuseColor>
    </Geom>
  </Body>
  <Body name="box_30_6" type="static">
    <Geom type="box">
      <Extents>0.25 0.25 0.5</Extents>
      <Translation>15.25 3.25 0.5</Translation>
      <diffuseColor>.5 .5 .5</diffuseColor>
    </Geom>
  </Body>
  <Body name="box_30_7" type="static">
    <Geom type="box">
      <Extents>0.25 0.25 0.5</Extents>
      <Translation>15.25 3.75 0.5</Translation>
      <diffuseColor>.5 .5 .5</diffuseColor>
    </Geom>
  </Body>
  <Body name="box_30_8" type="static">
    <Geom type="box">
      <Extents>0.25 0.25 0.5</Extents>
      <Translation>15.25 4.25 0.5</Translation>
      <diffuseColor>.5 .5 .5</diffuseColor>
    </Geom>
  </Body>
  <Body name="box_30_9" type="static">
    <Geom type="box">
      <Extents>0.25 0.25 0.5</Extents>
      <Translation>15.25 4.75 0.5</Translation>
      <diffuseColor>.5 .5 .5</diffuseColor>
    </Geom>
  </Body>
  <Body name="box_30_10" type="static">
    <Geom type="box">
      <Extents>0.25 0.25 0.5</Extents>
      <Translation>15.25 5.25 0.5</Translation>
      <diffuseColor>.5 .5 .5</diffuseColor>
    </Geom>
  </Body>
  <Body name="box_30_11" type="static">
    <Geom type="box">
      <Extents>0.25 0.25 0.5</Extents>
      <Translation>15.25 5.75 0.5</Translation>
      <diffuseColor>.5 .5 .5</diffuseColor>
    </Geom>
  </Body>
  <Body name="box_30_12" type="static">
    <Geom type="box">
      <Extents>0.25 0.25 0.5</Extents>
      <Translation>15.25 6.25 0.5</Translation>
      <diffuseColor>.5 .5 .5</diffuseColor>
    </Geom>
  </Body>
  <Body name="box_30_13" type="static">
    <Geom type="box">
      <Extents>0.25 0.25 0.5</Extents>
      <Translation>15.25 6.75 0.5</Translation>
      <diffuseColor>.5 .5 .5</diffuseColor>
    </Geom>
  </Body>
  <Body name="box_30_14" type="static">
    <Geom type="box">
      <Extents>0.25 0.25 0.5</Extents>
      <Translation>15.25 7.25 0.5</Translation>
      <diffuseColor>.5 .5 .5</diffuseColor>
    </Geom>
  </Body>
  <Body name="box_30_15" type="static">
    <Geom type="box">
      <Extents>0.25 0.25 0.5</Extents>
      <Translation>15.25 7.75 0.5</Translation>
      <diffuseColor>.5 .5 .5</diffuseColor>
    </Geom>
  </Body>
  <Body name="box_30_16" type="static">
    <Geom type="box">
      <Extents>0.25 0.25 0.5</Extents>
      <Translation>15.25 8.25 0.5</Translation>
      <diffuseColor>.5 .5 .5</diffuseColor>
    </Geom>
  </Body>
  <Body name="box_30_17" type="static">
    <Geom type="box">
      <Extents>0.25 0.25 0.5</Extents>
      <Translation>15.25 8.75 0.5</Translation>
      <diffuseColor>.5 .5 .5</diffuseColor>
    </Geom>
  </Body>
  <Body name="box_30_18" type="static">
    <Geom type="box">
      <Extents>0.25 0.25 0.5</Extents>
      <Translation>15.25 9.25 0.5</Translation>
      <diffuseColor>.5 .5 .5</diffuseColor>
    </Geom>
  </Body>
  <Body name="box_30_19" type="static">
    <Geom type="box">
      <Extents>0.25 0.25 0.5</Extents>
      <Translation>15.25 9.75 0.5</Translation>
      <diffuseColor>.5 .5 .5</diffuseColor>
    </Geom>
  </Body>
  <Body name="box_30_20" type="static">
    <Geom type="box">
      <Extents>0.25 0.25 0.5</Extents>
      <Translation>15.25 10.25 0.5</Translation>
      <diffuseColor>.5 .5 .5</diffuseColor>
    </Geom>
  </Body>
  <Body name="box_30_21" type="static">
    <Geom type="box">
      <Extents>0.25 0.25 0.5</Extents>
      <Translation>15.25 10.75 0.5</Translation>
      <diffuseColor>.5 .5 .5</diffuseColor>
    </Geom>
  </Body>
  <Body name="box_30_22" type="static">
    <Geom type="box">
      <Extents>0.25 0.25 0.5</Extents>
      <Translation>15.25 11.25 0.5</Translation>
      <diffuseColor>.5 .5 .5</diffuseColor>
    </Geom>
  </Body>
  <Body name="box_30_23" type="static">
    <Geom type="box">
      <Extents>0.25 0.25 0.5</Extents>
      <Translation>15.25 11.75 0.5</Translation>
      <diffuseColor>.5 .5 .5</diffuseColor>
    </Geom>
  </Body>
  <Body name="box_30_24" type="static">
    <Geom type="box">
      <Extents>0.25 0.25 0.5</Extents>
      <Translation>15.25 12.25 0.5</Translation>
      <diffuseColor>.5 .5 .5</diffuseColor>
    </Geom>
  </Body>
  <Body name="box_30_25" type="static">
    <Geom type="box">
      <Extents>0.25 0.25 0.5</Extents>
      <Translation>15.25 12.75 0.5</Translation>
      <diffuseColor>.5 .5 .5</diffuseColor>
    </Geom>
  </Body>
  <Body name="box_30_26" type="static">
    <Geom type="box">
      <Extents>0.25 0.25 0.5</Extents>
      <Translation>15.25 13.25 0.5</Translation>
      <diffuseColor>.5 .5 .5</diffuseColor>
    </Geom>
  </Body>
  <Body name="box_30_27" type="static">
    <Geom type="box">
      <Extents>0.25 0.25 0.5</Extents>
      <Translation>15.25 13.75 0.5</Translation>
      <diffuseColor>.5 .5 .5</diffuseColor>
    </Geom>
  </Body>
</KinBody>
