<KinBody name="map">
  <Body name="floor" type="static">
    <Geom type="box">
      <Extents>7.5 12.5 0.125</Extents>
      <Translation>7.5 12.5 -0.125</Translation>
      <diffuseColor>.1 .1 .1</diffuseColor>
    </Geom>
  </Body>
  <Body name="box_0_0" type="static">
    <Geom type="box">
      <Extents>0.5 0.5 0.5</Extents>
      <Translation>0.5 0.5 0.5</Translation>
      <diffuseColor>.5 .5 .5</diffuseColor>
    </Geom>
  </Body>
  <Body name="box_0_1" type="static">
    <Geom type="box">
      <Extents>0.5 0.5 0.5</Extents>
      <Translation>0.5 1.5 0.5</Translation>
      <diffuseColor>.5 .5 .5</diffuseColor>
    </Geom>
  </Body>
  <Body name="box_0_2" type="static">
    <Geom type="box">
      <Extents>0.5 0.5 0.5</Extents>
      <Translation>0.5 2.5 0.5</Translation>
      <diffuseColor>.5 .5 .5</diffuseColor>
    </Geom>
  </Body>
  <Body name="box_0_3" type="static">
    <Geom type="box">
      <Extents>0.5 0.5 0.5</Extents>
      <Translation>0.5 3.5 0.5</Translation>
      <diffuseColor>.5 .5 .5</diffuseColor>
    </Geom>
  </Body>
  <Body name="box_0_4" type="static">
    <Geom type="box">
      <Extents>0.5 0.5 0.5</Extents>
      <Translation>0.5 4.5 0.5</Translation>
      <diffuseColor>.5 .5 .5</diffuseColor>
    </Geom>
  </Body>
  <Body name="box_0_5" type="static">
    <Geom type="box">
      <Extents>0.5 0.5 0.5</Extents>
      <Translation>0.5 5.5 0.5</Translation>
      <diffuseColor>.5 .5 .5</diffuseColor>
    </Geom>
  </Body>
  <Body name="box_0_6" type="static">
    <Geom type="box">
      <Extents>0.5 0.5 0.5</Extents>
      <Translation>0.5 6.5 0.5</Translation>
      <diffuseColor>.5 .5 .5</diffuseColor>
    </Geom>
  </Body>
  <Body name="box_0_7" type="static">
    <Geom type="box">
      <Extents>0.5 0.5 0.5</Extents>
      <Translation>0.5 7.5 0.5</Translation>
      <diffuseColor>.5 .5 .5</diffuseColor>
    </Geom>
  </Body>
  <Body name="box_0_8" type="static">
    <Geom type="box">
      <Extents>0.5 0.5 0.5</Extents>
      <Translation>0.5 8.5 0.5</Translation>
      <diffuseColor>.5 .5 .5</diffuseColor>
    </Geom>
  </Body>
  <Body name="box_0_9" type="static">
    <Geom type="box">
      <Extents>0.5 0.5 0.5</Extents>
      <Translation>0.5 9.5 0.5</Translation>
      <diffuseColor>.5 .5 .5</diffuseColor>
    </Geom>
  </Body>
  <Body name="box_0_10" type="static">
    <Geom type="box">
      <Extents>0.5 0.5 0.5</Extents>
      <Translation>0.5 10.5 0.5</Translation>
      <diffuseColor>.5 .5 .5</diffuseColor>
    </Geom>
  </Body>
  <Body name="box_0_11" type="static">
    <Geom type="box">
      <Extents>0.5 0.5 0.5</Extents>
      <Translation>0.5 11.5 0.5</Translation>
      <diffuseColor>.5 .5 .5</diffuseColor>
    </Geom>
  </Body>
  <Body name="box_0_12" type="static">
    <Geom type="box">
      <Extents>0.5 0.5 0.5</Extents>
      <Translation>0.5 12.5 0.5</Translation>
      <diffuseColor>.5 .5 .5</diffuseColor>
    </Geom>
  </Body>
  <Body name="box_0_13" type="static">
    <Geom type="box">
      <Extents>0.5 0.5 0.5</Extents>
      <Translation>0.5 13.5 0.5</Translation>
      <diffuseColor>.5 .5 .5</diffuseColor>
    </Geom>
  </Body>
  <Body name="box_0_14" type="static">
    <Geom type="box">
      <Extents>0.5 0.5 0.5</Extents>
      <Translation>0.5 14.5 0.5</Translation>
      <diffuseColor>.5 .5 .5</diffuseColor>
    </Geom>
  </Body>
  <Body name="box_0_15" type="static">
    <Geom type="box">
      <Extents>0.5 0.5 0.5</Extents>
      <Translation>0.5 15.5 0.5</Translation>
      <diffuseColor>.5 .5 .5</diffuseColor>
    </Geom>
  </Body>
  <Body name="box_0_16" type="static">
    <Geom type="box">
      <Extents>0.5 0.5 0.5</Extents>
      <Translation>0.5 16.5 0.5</Translation>
      <diffuseColor>.5 .5 .5</diffuseColor>
    </Geom>
  </Body>
  <Body name="box_0_17" type="static">
    <Geom type="box">
      <Extents>0.5 0.5 0.5</Extents>
      <Translation>0.5 17.5 0.5</Translation>
      <diffuseColor>.5 .5 .5</diffuseColor>
    </Geom>
  </Body>
  <Body name="box_0_18" type="static">
    <Geom type="box">
      <Extents>0.5 0.5 0.5</Extents>
      <Translation>0.5 18.5 0.5</Translation>
      <diffuseColor>.5 .5 .5</diffuseColor>
    </Geom>
  </Body>
  <Body name="box_0_19" type="static">
    <Geom type="box">
      <Extents>0.5 0.5 0.5</Extents>
      <Translation>0.5 19.5 0.5</Translation>
      <diffuseColor>.5 .5 .5</diffuseColor>
    </Geom>
  </Body>
  <Body name="box_0_20" type="static">
    <Geom type="box">
      <Extents>0.5 0.5 0.5</Extents>
      <Translation>0.5 20.5 0.5</Translation>
      <diffuseColor>.5 .5 .5</diffuseColor>
    </Geom>
  </Body>
  <Body name="box_0_21" type="static">
    <Geom type="box">
      <Extents>0.5 0.5 0.5</Extents>
      <Translation>0.5 21.5 0.5</Translation>
      <diffuseColor>.5 .5 .5</diffuseColor>
    </Geom>
  </Body>
  <Body name="box_0_22" type="static">
    <Geom type="box">
      <Extents>0.5 0.5 0.5</Extents>
      <Translation>0.5 22.5 0.5</Translation>
      <diffuseColor>.5 .5 .5</diffuseColor>
    </Geom>
  </Body>
  <Body name="box_0_23" type="static">
    <Geom type="box">
      <Extents>0.5 0.5 0.5</Extents>
      <Translation>0.5 23.5 0.5</Translation>
      <diffuseColor>.5 .5 .5</diffuseColor>
    </Geom>
  </Body>
  <Body name="box_0_24" type="static">
    <Geom type="box">
      <Extents>0.5 0.5 0.5</Extents>
      <Translation>0.5 24.5 0.5</Translation>
      <diffuseColor>.5 .5 .5</diffuseColor>
    </Geom>
  </Body>
  <Body name="box_1_0" type="static">
    <Geom type="box">
      <Extents>0.5 0.5 0.5</Extents>
      <Translation>1.5 0.5 0.5</Translation>
      <diffuseColor>.5 .5 .5</diffuseColor>
    </Geom>
  </Body>
  <Body name="box_1_12" type="static">
    <Geom type="box">
      <Extents>0.5 0.5 0.5</Extents>
      <Translation>1.5 12.5 0.5</Translation>
      <diffuseColor>.5 .5 .5</diffuseColor>
    </Geom>
  </Body>
  <Body name="box_1_24" type="static">
    <Geom type="box">
      <Extents>0.5 0.5 0.5</Extents>
      <Translation>1.5 24.5 0.5</Translation>
      <diffuseColor>.5 .5 .5</diffuseColor>
    </Geom>
  </Body>
  <Body name="box_2_0" type="static">
    <Geom type="box">
      <Extents>0.5 0.5 0.5</Extents>
      <Translation>2.5 0.5 0.5</Translation>
      <diffuseColor>.5 .5 .5</diffuseColor>
    </Geom>
  </Body>
  <Body name="box_2_12" type="static">
    <Geom type="box">
      <Extents>0.5 0.5 0.5</Extents>
      <Translation>2.5 12.5 0.5</Translation>
      <diffuseColor>.5 .5 .5</diffuseColor>
    </Geom>
  </Body>
  <Body name="box_2_24" type="static">
    <Geom type="box">
      <Extents>0.5 0.5 0.5</Extents>
      <Translation>2.5 24.5 0.5</Translation>
      <diffuseColor>.5 .5 .5</diffuseColor>
    </Geom>
  </Body>
  <Body name="box_3_0" type="static">
    <Geom type="box">
      <Extents>0.5 0.5 0.5</Extents>
      <Translation>3.5 0.5 0.5</Translation>
      <diffuseColor>.5 .5 .5</diffuseColor>
    </Geom>
  </Body>
  <Body name="box_3_12" type="static">
    <Geom type="box">
      <Extents>0.5 0.5 0.5</Extents>
      <Translation>3.5 12.5 0.5</Translation>
      <diffuseColor>.5 .5 .5</diffuseColor>
    </Geom>
  </Body>
  <Body name="box_3_24" type="static">
    <Geom type="box">
      <Extents>0.5 0.5 0.5</Extents>
      <Translation>3.5 24.5 0.5</Translation>
      <diffuseColor>.5 .5 .5</diffuseColor>
    </Geom>
  </Body>
  <Body name="box_4_0" type="static">
    <Geom type="box">
      <Extents>0.5 0.5 0.5</Extents>
      <Translation>4.5 0.5 0.5</Translation>
      <diffuseColor>.5 .5 .5</diffuseColor>
    </Geom>
  </Body>
  <Body name="box_4_8" type="static">
    <Geom type="box">
      <Extents>0.5 0.5 0.5</Extents>
      <Translation>4.5 8.5 0.5</Translation>
      <diffuseColor>.5 .5 .5</diffuseColor>
    </Geom>
  </Body>
  <Body name="box_4_12" type="static">
    <Geom type="box">
      <Extents>0.5 0.5 0.5</Extents>
      <Translation>4.5 12.5 0.5</Translation>
      <diffuseColor>.5 .5 .5</diffuseColor>
    </Geom>
  </Body>
  <Body name="box_4_16" type="static">
    <Geom type="box">
      <Extents>0.5 0.5 0.5</Extents>
      <Translation>4.5 16.5 0.5</Translation>
      <diffuseColor>.5 .5 .5</diffuseColor>
    </Geom>
  </Body>
  <Body name="box_4_24" type="static">
    <Geom type="box">
      <Extents>0.5 0.5 0.5</Extents>
      <Translation>4.5 24.5 0.5</Translation>
      <diffuseColor>.5 .5 .5</diffuseColor>
    </Geom>
  </Body>
  <Body name="box_5_0" type="static">
    <Geom type="box">
      <Extents>0.5 0.5 0.5</Extents>
      <Translation>5.5 0.5 0.5</Translation>
      <diffuseColor>.5 .5 .5</diffuseColor>
    </Geom>
  </Body>
  <Body name="box_5_8" type="static">
    <Geom type="box">
      <Extents>0.5 0.5 0.5</Extents>
      <Translation>5.5 8.5 0.5</Translation>
      <diffuseColor>.5 .5 .5</diffuseColor>
    </Geom>
  </Body>
  <Body name="box_5_12" type="static">
    <Geom type="box">
      <Extents>0.5 0.5 0.5</Extents>
      <Translation>5.5 12.5 0.5</Translation>
      <diffuseColor>.5 .5 .5</diffuseColor>
    </Geom>
  </Body>
  <Body name="box_5_16" type="static">
    <Geom type="box">
      <Extents>0.5 0.5 0.5</Extents>
      <Translation>5.5 16.5 0.5</Translation>
      <diffuseColor>.5 .5 .5</diffuseColor>
    </Geom>
  </Body>
  <Body name="box_5_24" type="static">
    <Geom type="box">
      <Extents>0.5 0.5 0.5</Extents>
      <Translation>5.5 24.5 0.5</Translation>
      <diffuseColor>.5 .5 .5</diffuseColor>
    </Geom>
  </Body>
  <Body name="box_6_0" type="static">
    <Geom type="box">
      <Extents>0.5 0.5 0.5</Extents>
      <Translation>6.5 0.5 0.5</Translation>
      <diffuseColor>.5 .5 .5</diffuseColor>
    </Geom>
  </Body>
  <Body name="box_6_4" type="static">
    <Geom type="box">
      <Extents>0.5 0.5 0.5</Extents>
      <Translation>6.5 4.5 0.5</Translation>
      <diffuseColor>.5 .5 .5</diffuseColor>
    </Geom>
  </Body>
  <Body name="box_6_5" type="static">
    <Geom type="box">
      <Extents>0.5 0.5 0.5</Extents>
      <Translation>6.5 5.5 0.5</Translation>
      <diffuseColor>.5 .5 .5</diffuseColor>
    </Geom>
  </Body>
  <Body name="box_6_6" type="static">
    <Geom type="box">
      <Extents>0.5 0.5 0.5</Extents>
      <Translation>6.5 6.5 0.5</Translation>
      <diffuseColor>.5 .5 .5</diffuseColor>
    </Geom>
  </Body>
  <Body name="box_6_7" type="static">
    <Geom type="box">
      <Extents>0.5 0.5 0.5</Extents>
      <Translation>6.5 7.5 0.5</Translation>
      <diffuseColor>.5 .5 .5</diffuseColor>
    </Geom>
  </Body>
  <Body name="box_6_8" type="static">
    <Geom type="box">
      <Extents>0.5 0.5 0.5</Extents>
      <Translation>6.5 8.5 0.5</Translation>
      <diffuseColor>.5 .5 .5</diffuseColor>
    </Geom>
  </Body>
  <Body name="box_6_9" type="static">
    <Geom type="box">
      <Extents>0.5 0.5 0.5</Extents>
      <Translation>6.5 9.5 0.5</Translation>
      <diffuseColor>.5 .5 .5</diffuseColor>
    </Geom>
  </Body>
  <Body name="box_6_10" type="static">
    <Geom type="box">
      <Extents>0.5 0.5 0.5</Extents>
      <Translation>6.5 10.5 0.5</Translation>
      <diffuseColor>.5 .5 .5</diffuseColor>
    </Geom>
  </Body>
  <Body name="box_6_11" type="static">
    <Geom type="box">
      <Extents>0.5 0.5 0.5</Extents>
      <Translation>6.5 11.5 0.5</Translation>
      <diffuseColor>.5 .5 .5</diffuseColor>
    </Geom>
  </Body>
  <Body name="box_6_12" type="static">
    <Geom type="box">
      <Extents>0.5 0.5 0.5</Extents>
      <Translation>6.5 12.5 0.5</Translation>
      <diffuseColor>.5 .5 .5</diffuseColor>
    </Geom>
  </Body>
  <Body name="box_6_13" type="static">
    <Geom type="box">
      <Extents>0.5 0.5 0.5</Extents>
      <Translation>6.5 13.5 0.5</Translation>
      <diffuseColor>.5 .5 .5</diffuseColor>
    </Geom>
  </Body>
  <Body name="box_6_14" type="static">
    <Geom type="box">
      <Extents>0.5 0.5 0.5</Extents>
      <Translation>6.5 14.5 0.5</Translation>
      <diffuseColor>.5 .5 .5</diffuseColor>
    </Geom>
  </Body>
  <Body name="box_6_15" type="static">
    <Geom type="box">
      <Extents>0.5 0.5 0.5</Extents>
      <Translation>6.5 15.5 0.5</Translation>
      <diffuseColor>.5 .5 .5</diffuseColor>
    </Geom>
  </Body>
  <Body name="box_6_16" type="static">
    <Geom type="box">
      <Extents>0.5 0.5 0.5</Extents>
      <Translation>6.5 16.5 0.5</Translation>
      <diffuseColor>.5 .5 .5</diffuseColor>
    </Geom>
  </Body>
  <Body name="box_6_17" type="static">
    <Geom type="box">
      <Extents>0.5 0.5 0.5</Extents>
      <Translation>6.5 17.5 0.5</Translation>
      <diffuseColor>.5 .5 .5</diffuseColor>
    </Geom>
  </Body>
  <Body name="box_6_18" type="static">
    <Geom type="box">
      <Extents>0.5 0.5 0.5</Extents>
      <Translation>6.5 18.5 0.5</Translation>
      <diffuseColor>.5 .5 .5</diffuseColor>
    </Geom>
  </Body>
  <Body name="box_6_19" type="static">
    <Geom type="box">
      <Extents>0.5 0.5 0.5</Extents>
      <Translation>6.5 19.5 0.5</Translation>
      <diffuseColor>.5 .5 .5</diffuseColor>
    </Geom>
  </Body>
  <Body name="box_6_20" type="static">
    <Geom type="box">
      <Extents>0.5 0.5 0.5</Extents>
      <Translation>6.5 20.5 0.5</Translation>
      <diffuseColor>.5 .5 .5</diffuseColor>
    </Geom>
  </Body>
  <Body name="box_6_24" type="static">
    <Geom type="box">
      <Extents>0.5 0.5 0.5</Extents>
      <Translation>6.5 24.5 0.5</Translation>
      <diffuseColor>.5 .5 .5</diffuseColor>
    </Geom>
  </Body>
  <Body name="box_7_0" type="static">
    <Geom type="box">
      <Extents>0.5 0.5 0.5</Extents>
      <Translation>7.5 0.5 0.5</Translation>
      <diffuseColor>.5 .5 .5</diffuseColor>
    </Geom>
  </Body>
  <Body name="box_7_8" type="static">
    <Geom type="box">
      <Extents>0.5 0.5 0.5</Extents>
      <Translation>7.5 8.5 0.5</Translation>
      <diffuseColor>.5 .5 .5</diffuseColor>
    </Geom>
  </Body>
  <Body name="box_7_16" type="static">
    <Geom type="box">
      <Extents>0.5 0.5 0.5</Extents>
      <Translation>7.5 16.5 0.5</Translation>
      <diffuseColor>.5 .5 .5</diffuseColor>
    </Geom>
  </Body>
  <Body name="box_7_24" type="static">
    <Geom type="box">
      <Extents>0.5 0.5 0.5</Extents>
      <Translation>7.5 24.5 0.5</Translation>
      <diffuseColor>.5 .5 .5</diffuseColor>
    </Geom>
  </Body>
  <Body name="box_8_0" type="static">
    <Geom type="box">
      <Extents>0.5 0.5 0.5</Extents>
      <Translation>8.5 0.5 0.5</Translation>
      <diffuseColor>.5 .5 .5</diffuseColor>
    </Geom>
  </Body>
  <Body name="box_8_8" type="static">
    <Geom type="box">
      <Extents>0.5 0.5 0.5</Extents>
      <Translation>8.5 8.5 0.5</Translation>
      <diffuseColor>.5 .5 .5</diffuseColor>
    </Geom>
  </Body>
  <Body name="box_8_16" type="static">
    <Geom type="box">
      <Extents>0.5 0.5 0.5</Extents>
      <Translation>8.5 16.5 0.5</Translation>
      <diffuseColor>.5 .5 .5</diffuseColor>
    </Geom>
  </Body>
  <Body name="box_8_24" type="static">
    <Geom type="box">
      <Extents>0.5 0.5 0.5</Extents>
      <Translation>8.5 24.5 0.5</Translation>
      <diffuseColor>.5 .5 .5</diffuseColor>
    </Geom>
  </Body>
  <Body name="box_9_0" type="static">
    <Geom type="box">
      <Extents>0.5 0.5 0.5</Extents>
      <Translation>9.5 0.5 0.5</Translation>
      <diffuseColor>.5 .5 .5</diffuseColor>
    </Geom>
  </Body>
  <Body name="box_9_8" type="static">
    <Geom type="box">
      <Extents>0.5 0.5 0.5</Extents>
      <Translation>9.5 8.5 0.5</Translation>
      <diffuseColor>.5 .5 .5</diffuseColor>
    </Geom>
  </Body>
  <Body name="box_9_16" type="static">
    <Geom type="box">
      <Extents>0.5 0.5 0.5</Extents>
      <Translation>9.5 16.5 0.5</Translation>
      <diffuseColor>.5 .5 .5</diffuseColor>
    </Geom>
  </Body>
  <Body name="box_9_24" type="static">
    <Geom type="box">
      <Extents>0.5 0.5 0.5</Extents>
      <Translation>9.5 24.5 0.5</Translation>
      <diffuseColor>.5 .5 .5</diffuseColor>
    </Geom>
  </Body>
  <Body name="box_10_0" type="static">
    <Geom type="box">
      <Extents>0.5 0.5 0.5</Extents>
      <Translation>10.5 0.5 0.5</Translation>
      <diffuseColor>.5 .5 .5</diffuseColor>
    </Geom>
  </Body>
  <Body name="box_10_4" type="static">
    <Geom type="box">
      <Extents>0.5 0.5 0.5</Extents>
      <Translation>10.5 4.5 0.5</Translation>
      <diffuseColor>.5 .5 .5</diffuseColor>
    </Geom>
  </Body>
  <Body name="box_10_20" type="static">
    <Geom type="box">
      <Extents>0.5 0.5 0.5</Extents>
      <Translation>10.5 20.5 0.5</Translation>
      <diffuseColor>.5 .5 .5</diffuseColor>
    </Geom>
  </Body>
  <Body name="box_10_24" type="static">
    <Geom type="box">
      <Extents>0.5 0.5 0.5</Extents>
      <Translation>10.5 24.5 0.5</Translation>
      <diffuseColor>.5 .5 .5</diffuseColor>
    </Geom>
  </Body>
  <Body name="box_11_0" type="static">
    <Geom type="box">
      <Extents>0.5 0.5 0.5</Extents>
      <Translation>11.5 0.5 0.5</Translation>
      <diffuseColor>.5 .5 .5</diffuseColor>
    </Geom>
  </Body>
  <Body name="box_11_24" type="static">
    <Geom type="box">
      <Extents>0.5 0.5 0.5</Extents>
      <Translation>11.5 24.5 0.5</Translation>
      <diffuseColor>.5 .5 .5</diffuseColor>
    </Geom>
  </Body>
  <Body name="box_12_0" type="static">
    <Geom type="box">
      <Extents>0.5 0.5 0.5</Extents>
      <Translation>12.5 0.5 0.5</Translation>
      <diffuseColor>.5 .5 .5</diffuseColor>
    </Geom>
  </Body>
  <Body name="box_12_24" type="static">
    <Geom type="box">
      <Extents>0.5 0.5 0.5</Extents>
      <Translation>12.5 24.5 0.5</Translation>
      <diffuseColor>.5 .5 .5</diffuseColor>
    </Geom>
  </Body>
  <Body name="box_13_0" type="static">
    <Geom type="box">
      <Extents>0.5 0.5 0.5</Extents>
      <Translation>13.5 0.5 0.5</Translation>
      <diffuseColor>.5 .5 .5</diffuseColor>
    </Geom>
  </Body>
  <Body name="box_13_24" type="static">
    <Geom type="box">
      <Extents>0.5 0.5 0.5</Extents>
      <Translation>13.5 24.5 0.5</Translation>
      <diffuseColor>.5 .5 .5</diffuseColor>
    </Geom>
  </Body>
  <Body name="box_14_0" type="static">
    <Geom type="box">
      <Extents>0.5 0.5 0.5</Extents>
      <Translation>14.5 0.5 0.5</Translation>
      <diffuseColor>.5 .5 .5</diffuseColor>
    </Geom>
  </Body>
  <Body name="box_14_1" type="static">
    <Geom type="box">
      <Extents>0.5 0.5 0.5</Extents>
      <Translation>14.5 1.5 0.5</Translation>
      <diffuseColor>.5 .5 .5</diffuseColor>
    </Geom>
  </Body>
  <Body name="box_14_2" type="static">
    <Geom type="box">
      <Extents>0.5 0.5 0.5</Extents>
      <Translation>14.5 2.5 0.5</Translation>
      <diffuseColor>.5 .5 .5</diffuseColor>
    </Geom>
  </Body>
  <Body name="box_14_3" type="static">
    <Geom type="box">
      <Extents>0.5 0.5 0.5</Extents>
      <Translation>14.5 3.5 0.5</Translation>
      <diffuseColor>.5 .5 .5</diffuseColor>
    </Geom>
  </Body>
  <Body name="box_14_4" type="static">
    <Geom type="box">
      <Extents>0.5 0.5 0.5</Extents>
      <Translation>14.5 4.5 0.5</Translation>
      <diffuseColor>.5 .5 .5</diffuseColor>
    </Geom>
  </Body>
  <Body name="box_14_5" type="static">
    <Geom type="box">
      <Extents>0.5 0.5 0.5</Extents>
      <Translation>14.5 5.5 0.5</Translation>
      <diffuseColor>.5 .5 .5</diffuseColor>
    </Geom>
  </Body>
  <Body name="box_14_6" type="static">
    <Geom type="box">
      <Extents>0.5 0.5 0.5</Extents>
      <Translation>14.5 6.5 0.5</Translation>
      <diffuseColor>.5 .5 .5</diffuseColor>
    </Geom>
  </Body>
  <Body name="box_14_7" type="static">
    <Geom type="box">
      <Extents>0.5 0.5 0.5</Extents>
      <Translation>14.5 7.5 0.5</Translation>
      <diffuseColor>.5 .5 .5</diffuseColor>
    </Geom>
  </Body>
  <Body name="box_14_8" type="static">
    <Geom type="box">
      <Extents>0.5 0.5 0.5</Extents>
      <Translation>14.5 8.5 0.5</Translation>
      <diffuseColor>.5 .5 .5</diffuseColor>
    </Geom>
  </Body>
  <Body name="box_14_9" type="static">
    <Geom type="box">
      <Extents>0.5 0.5 0.5</Extents>
      <Translation>14.5 9.5 0.5</Translation>
      <diffuseColor>.5 .5 .5</diffuseColor>
    </Geom>
  </Body>
  <Body name="box_14_10" type="static">
    <Geom type="box">
      <Extents>0.5 0.5 0.5</Extents>
      <Translation>14.5 10.5 0.5</Translation>
      <diffuseColor>.5 .5 .5</diffuseColor>
    </Geom>
  </Body>
  <Body name="box_14_11" type="static">
    <Geom type="box">
      <Extents>0.5 0.5 0.5</Extents>
      <Translation>14.5 11.5 0.5</Translation>
      <diffuseColor>.5 .5 .5</diffuseColor>
    </Geom>
  </Body>
  <Body name="box_14_12" type="static">
    <Geom type="box">
      <Extents>0.5 0.5 0.5</Extents>
      <Translation>14.5 12.5 0.5</Translation>
      <diffuseColor>.5 .5 .5</diffuseColor>
    </Geom>
  </Body>
  <Body name="box_14_13" type="static">
    <Geom type="box">
      <Extents>0.5 0.5 0.5</Extents>
      <Translation>14.5 13.5 0.5</Translation>
      <diffuseColor>.5 .5 .5</diffuseColor>
    </Geom>
  </Body>
  <Body name="box_14_14" type="static">
    <Geom type="box">
      <Extents>0.5 0.5 0.5</Extents>
      <Translation>14.5 14.5 0.5</Translation>
      <diffuseColor>.5 .5 .5</diffuseColor>
    </Geom>
  </Body>
  <Body name="box_14_15" type="static">
    <Geom type="box">
      <Extents>0.5 0.5 0.5</Extents>
      <Translation>14.5 15.5 0.5</Translation>
      <diffuseColor>.5 .5 .5</diffuseColor>
    </Geom>
  </Body>
  <Body name="box_14_16" type="static">
    <Geom type="box">
      <Extents>0.5 0.5 0.5</Extents>
      <Translation>14.5 16.5 0.5</Translation>
      <diffuseColor>.5 .5 .5</diffuseColor>
    </Geom>
  </Body>
  <Body name="box_14_17" type="static">
    <Geom type="box">
      <Extents>0.5 0.5 0.5</Extents>
      <Translation>14.5 17.5 0.5</Translation>
      <diffuseColor>.5 .5 .5</diffuseColor>
    </Geom>
  </Body>
  <Body name="box_14_18" type="static">
    <Geom type="box">
      <Extents>0.5 0.5 0.5</Extents>
      <Translation>14.5 18.5 0.5</Translation>
      <diffuseColor>.5 .5 .5</diffuseColor>
    </Geom>
  </Body>
  <Body name="box_14_19" type="static">
    <Geom type="box">
      <Extents>0.5 0.5 0.5</Extents>
      <Translation>14.5 19.5 0.5</Translation>
      <diffuseColor>.5 .5 .5</diffuseColor>
    </Geom>
  </Body>
  <Body name="box_14_20" type="static">
    <Geom type="box">
      <Extents>0.5 0.5 0.5</Extents>
      <Translation>14.5 20.5 0.5</Translation>
      <diffuseColor>.5 .5 .5</diffuseColor>
    </Geom>
  </Body>
  <Body name="box_14_21" type="static">
    <Geom type="box">
      <Extents>0.5 0.5 0.5</Extents>
      <Translation>14.5 21.5 0.5</Translation>
      <diffuseColor>.5 .5 .5</diffuseColor>
    </Geom>
  </Body>
  <Body name="box_14_22" type="static">
    <Geom type="box">
      <Extents>0.5 0.5 0.5</Extents>
      <Translation>14.5 22.5 0.5</Translation>
      <diffuseColor>.5 .5 .5</diffuseColor>
    </Geom>
  </Body>
  <Body name="box_14_23" type="static">
    <Geom type="box">
      <Extents>0.5 0.5 0.5</Extents>
      <Translation>14.5 23.5 0.5</Translation>
      <diffuseColor>.5 .5 .5</diffuseColor>
    </Geom>
  </Body>
  <Body name="box_14_24" type="static">
    <Geom type="box">
      <Extents>0.5 0.5 0.5</Extents>
      <Translation>14.5 24.5 0.5</Translation>
      <diffuseColor>.5 .5 .5</diffuseColor>
    </Geom>
  </Body>
</KinBody>
