<KinBody name="map">
  <Body name="floor" type="static">
    <Geom type="box">
      <Extents>5.0 4.0 0.125</Extents>
      <Translation>5.0 4.0 -0.125</Translation>
      <diffuseColor>.1 .1 .1</diffuseColor>
    </Geom>
  </Body>
  <Body name="box_0_0" type="static">
    <Geom type="box">
      <Extents>0.5 0.5 0.5</Extents>
      <Translation>0.5 0.5 0.5</Translation>
      <diffuseColor>.5 .5 .5</diffuseColor>
    </Geom>
  </Body>
  <Body name="box_0_1" type="static">
    <Geom type="box">
      <Extents>0.5 0.5 0.5</Extents>
      <Translation>0.5 1.5 0.5</Translation>
      <diffuseColor>.5 .5 .5</diffuseColor>
    </Geom>
  </Body>
  <Body name="box_0_2" type="static">
    <Geom type="box">
      <Extents>0.5 0.5 0.5</Extents>
      <Translation>0.5 2.5 0.5</Translation>
      <diffuseColor>.5 .5 .5</diffuseColor>
    </Geom>
  </Body>
  <Body name="box_0_3" type="static">
    <Geom type="box">
      <Extents>0.5 0.5 0.5</Extents>
      <Translation>0.5 3.5 0.5</Translation>
      <diffuseColor>.5 .5 .5</diffuseColor>
    </Geom>
  </Body>
  <Body name="box_0_4" type="static">
    <Geom type="box">
      <Extents>0.5 0.5 0.5</Extents>
      <Translation>0.5 4.5 0.5</Translation>
      <diffuseColor>.5 .5 .5</diffuseColor>
    </Geom>
  </Body>
  <Body name="box_0_5" type="static">
    <Geom type="box">
      <Extents>0.5 0.5 0.5</Extents>
      <Translation>0.5 5.5 0.5</Translation>
      <diffuseColor>.5 .5 .5</diffuseColor>
    </Geom>
  </Body>
  <Body name="box_0_6" type="static">
    <Geom type="box">
      <Extents>0.5 0.5 0.5</Extents>
      <Translation>0.5 6.5 0.5</Translation>
      <diffuseColor>.5 .5 .5</diffuseColor>
    </Geom>
  </Body>
  <Body name="box_0_7" type="static">
    <Geom type="box">
      <Extents>0.5 0.5 0.5</Extents>
      <Translation>0.5 7.5 0.5</Translation>
      <diffuseColor>.5 .5 .5</diffuseColor>
    </Geom>
  </Body>
  <Body name="box_1_0" type="static">
    <Geom type="box">
      <Extents>0.5 0.5 0.5</Extents>
      <Translation>1.5 0.5 0.5</Translation>
      <diffuseColor>.5 .5 .5</diffuseColor>
    </Geom>
  </Body>
  <Body name="box_1_7" type="static">
    <Geom type="box">
      <Extents>0.5 0.5 0.5</Extents>
      <Translation>1.5 7.5 0.5</Translation>
      <diffuseColor>.5 .5 .5</diffuseColor>
    </Geom>
  </Body>
  <Body name="box_2_0" type="static">
    <Geom type="box">
      <Extents>0.5 0.5 0.5</Extents>
      <Translation>2.5 0.5 0.5</Translation>
      <diffuseColor>.5 .5 .5</diffuseColor>
    </Geom>
  </Body>
  <Body name="box_2_7" type="static">
    <Geom type="box">
      <Extents>0.5 0.5 0.5</Extents>
      <Translation>2.5 7.5 0.5</Translation>
      <diffuseColor>.5 .5 .5</diffuseColor>
    </Geom>
  </Body>
  <Body name="box_3_0" type="static">
    <Geom type="box">
      <Extents>0.5 0.5 0.5</Extents>
      <Translation>3.5 0.5 0.5</Translation>
      <diffuseColor>.5 .5 .5</diffuseColor>
    </Geom>
  </Body>
  <Body name="box_3_7" type="static">
    <Geom type="box">
      <Extents>0.5 0.5 0.5</Extents>
      <Translation>3.5 7.5 0.5</Translation>
      <diffuseColor>.5 .5 .5</diffuseColor>
    </Geom>
  </Body>
  <Body name="box_4_0" type="static">
    <Geom type="box">
      <Extents>0.5 0.5 0.5</Extents>
      <Translation>4.5 0.5 0.5</Translation>
      <diffuseColor>.5 .5 .5</diffuseColor>
    </Geom>
  </Body>
  <Body name="box_4_1" type="static">
    <Geom type="box">
      <Extents>0.5 0.5 0.5</Extents>
      <Translation>4.5 1.5 0.5</Translation>
      <diffuseColor>.5 .5 .5</diffuseColor>
    </Geom>
  </Body>
  <Body name="box_4_2" type="static">
    <Geom type="box">
      <Extents>0.5 0.5 0.5</Extents>
      <Translation>4.5 2.5 0.5</Translation>
      <diffuseColor>.5 .5 .5</diffuseColor>
    </Geom>
  </Body>
  <Body name="box_4_3" type="static">
    <Geom type="box">
      <Extents>0.5 0.5 0.5</Extents>
      <Translation>4.5 3.5 0.5</Translation>
      <diffuseColor>.5 .5 .5</diffuseColor>
    </Geom>
  </Body>
  <Body name="box_4_7" type="static">
    <Geom type="box">
      <Extents>0.5 0.5 0.5</Extents>
      <Translation>4.5 7.5 0.5</Translation>
      <diffuseColor>.5 .5 .5</diffuseColor>
    </Geom>
  </Body>
  <Body name="box_5_0" type="static">
    <Geom type="box">
      <Extents>0.5 0.5 0.5</Extents>
      <Translation>5.5 0.5 0.5</Translation>
      <diffuseColor>.5 .5 .5</diffuseColor>
    </Geom>
  </Body>
  <Body name="box_5_1" type="static">
    <Geom type="box">
      <Extents>0.5 0.5 0.5</Extents>
      <Translation>5.5 1.5 0.5</Translation>
      <diffuseColor>.5 .5 .5</diffuseColor>
    </Geom>
  </Body>
  <Body name="box_5_2" type="static">
    <Geom type="box">
      <Extents>0.5 0.5 0.5</Extents>
      <Translation>5.5 2.5 0.5</Translation>
      <diffuseColor>.5 .5 .5</diffuseColor>
    </Geom>
  </Body>
  <Body name="box_5_3" type="static">
    <Geom type="box">
      <Extents>0.5 0.5 0.5</Extents>
      <Translation>5.5 3.5 0.5</Translation>
      <diffuseColor>.5 .5 .5</diffuseColor>
    </Geom>
  </Body>
  <Body name="box_5_7" type="static">
    <Geom type="box">
      <Extents>0.5 0.5 0.5</Extents>
      <Translation>5.5 7.5 0.5</Translation>
      <diffuseColor>.5 .5 .5</diffuseColor>
    </Geom>
  </Body>
  <Body name="box_6_0" type="static">
    <Geom type="box">
      <Extents>0.5 0.5 0.5</Extents>
      <Translation>6.5 0.5 0.5</Translation>
      <diffuseColor>.5 .5 .5</diffuseColor>
    </Geom>
  </Body>
  <Body name="box_6_7" type="static">
    <Geom type="box">
      <Extents>0.5 0.5 0.5</Extents>
      <Translation>6.5 7.5 0.5</Translation>
      <diffuseColor>.5 .5 .5</diffuseColor>
    </Geom>
  </Body>
  <Body name="box_7_0" type="static">
    <Geom type="box">
      <Extents>0.5 0.5 0.5</Extents>
      <Translation>7.5 0.5 0.5</Translation>
      <diffuseColor>.5 .5 .5</diffuseColor>
    </Geom>
  </Body>
  <Body name="box_7_7" type="static">
    <Geom type="box">
      <Extents>0.5 0.5 0.5</Extents>
      <Translation>7.5 7.5 0.5</Translation>
      <diffuseColor>.5 .5 .5</diffuseColor>
    </Geom>
  </Body>
  <Body name="box_8_0" type="static">
    <Geom type="box">
      <Extents>0.5 0.5 0.5</Extents>
      <Translation>8.5 0.5 0.5</Translation>
      <diffuseColor>.5 .5 .5</diffuseColor>
    </Geom>
  </Body>
  <Body name="box_8_7" type="static">
    <Geom type="box">
      <Extents>0.5 0.5 0.5</Extents>
      <Translation>8.5 7.5 0.5</Translation>
      <diffuseColor>.5 .5 .5</diffuseColor>
    </Geom>
  </Body>
  <Body name="box_9_0" type="static">
    <Geom type="box">
      <Extents>0.5 0.5 0.5</Extents>
      <Translation>9.5 0.5 0.5</Translation>
      <diffuseColor>.5 .5 .5</diffuseColor>
    </Geom>
  </Body>
  <Body name="box_9_1" type="static">
    <Geom type="box">
      <Extents>0.5 0.5 0.5</Extents>
      <Translation>9.5 1.5 0.5</Translation>
      <diffuseColor>.5 .5 .5</diffuseColor>
    </Geom>
  </Body>
  <Body name="box_9_2" type="static">
    <Geom type="box">
      <Extents>0.5 0.5 0.5</Extents>
      <Translation>9.5 2.5 0.5</Translation>
      <diffuseColor>.5 .5 .5</diffuseColor>
    </Geom>
  </Body>
  <Body name="box_9_3" type="static">
    <Geom type="box">
      <Extents>0.5 0.5 0.5</Extents>
      <Translation>9.5 3.5 0.5</Translation>
      <diffuseColor>.5 .5 .5</diffuseColor>
    </Geom>
  </Body>
  <Body name="box_9_4" type="static">
    <Geom type="box">
      <Extents>0.5 0.5 0.5</Extents>
      <Translation>9.5 4.5 0.5</Translation>
      <diffuseColor>.5 .5 .5</diffuseColor>
    </Geom>
  </Body>
  <Body name="box_9_5" type="static">
    <Geom type="box">
      <Extents>0.5 0.5 0.5</Extents>
      <Translation>9.5 5.5 0.5</Translation>
      <diffuseColor>.5 .5 .5</diffuseColor>
    </Geom>
  </Body>
  <Body name="box_9_6" type="static">
    <Geom type="box">
      <Extents>0.5 0.5 0.5</Extents>
      <Translation>9.5 6.5 0.5</Translation>
      <diffuseColor>.5 .5 .5</diffuseColor>
    </Geom>
  </Body>
  <Body name="box_9_7" type="static">
    <Geom type="box">
      <Extents>0.5 0.5 0.5</Extents>
      <Translation>9.5 7.5 0.5</Translation>
      <diffuseColor>.5 .5 .5</diffuseColor>
    </Geom>
  </Body>
</KinBody>
